{
    "x": [
        10,
        10,
        10,
        10,
        10,
        10,
        10,
        10,
        10,
        10,
        20,
        20,
        20,
        20,
        20,
        20,
        20,
        20,
        20,
        20,
        50,
        50,
        50,
        50,
        50,
        50,
        50,
        50,
        50,
        50,
        100,
        100,
        100,
        100,
        100,
        100,
        100,
        100,
        100,
        100,
        200,
        200,
        200,
        200,
        200,
        200,
        200,
        200,
        200,
        200,
        500,
        500,
        500,
        500,
        500,
        500,
        500,
        500,
        500,
        500,
        1000,
        1000,
        1000,
        1000,
        1000,
        1000,
        1000,
        1000,
        1000,
        1000,
        2000,
        2000,
        2000,
        2000,
        2000,
        2000,
        2000,
        2000,
        2000,
        2000,
        5000,
        5000,
        5000,
        5000,
        5000,
        5000,
        5000,
        5000,
        5000,
        5000,
        10000,
        10000,
        10000,
        10000,
        10000,
        10000,
        10000,
        10000,
        10000,
        10000,
        20000,
        20000,
        20000,
        20000,
        20000,
        20000,
        20000,
        20000,
        20000,
        20000,
        50000,
        50000,
        50000,
        50000,
        50000,
        50000,
        50000,
        50000,
        50000,
        50000,
        100000,
        100000,
        100000,
        100000,
        100000,
        100000,
        100000,
        100000,
        100000,
        100000
    ],
    "ys": {
        "1000": [
            0.01022211400049855,
            0.01234237300013774,
            0.012102482000045711,
            0.011909230997844134,
            0.010744826002337504,
            0.008039554002607474,
            0.008014645001821918,
            0.008009294000657974,
            0.00766744299835409,
            0.007583812999655493,
            0.008697527002368588,
            0.008769547999690985,
            0.009004549003293505,
            0.008803086999250809,
            0.00877272800062201,
            0.008796967998932814,
            0.009127748999162577,
            0.008794607998424908,
            0.008835897999233566,
            0.008896698000171455,
            0.01273629499701201,
            0.012817855000321288,
            0.011773059999541147,
            0.011759230997995473,
            0.011846991001220886,
            0.011864190000778763,
            0.01166671000100905,
            0.012214762999064988,
            0.011578698999073822,
            0.011755481002182933,
            0.01703031299985014,
            0.01707672299744445,
            0.017010522999044042,
            0.01710000299863168,
            0.016938703000050737,
            0.016988153001875617,
            0.016952161997323856,
            0.017180533999635372,
            0.016974952999589732,
            0.017033432999596698,
            0.0276475480022782,
            0.027567347999138292,
            0.027608659001998603,
            0.027789779000158887,
            0.027629099000478163,
            0.027640788001008332,
            0.02759860799778835,
            0.027722368999093305,
            0.029092975000821752,
            0.028295320997131057,
            0.06005927700243774,
            0.06091275099970517,
            0.06106272199758678,
            0.06015205799849355,
            0.0602706979989307,
            0.06169766500170226,
            0.06052468899724772,
            0.06078446099854773,
            0.06136334300026647,
            0.06076166999991983,
            0.11189598000055412,
            0.12389030099802767,
            0.12394296200000099,
            0.11644950900154072,
            0.11475890200017602,
            0.1358398020020104,
            0.11116587699871161,
            0.112049819999811,
            0.1108556459985266,
            0.11267453300024499,
            0.2119260090003081,
            0.2134872050010017,
            0.22167646000161767,
            0.22512237500268384,
            0.22118635900187655,
            0.21006058999773813,
            0.21525331300290418,
            0.21133362600085093,
            0.21788495399960084,
            0.20958891900227172,
            0.5359511079986987,
            0.5428796180021891,
            0.5556730320022325,
            0.5114081430001534,
            0.5116286230004334,
            0.5243704679996881,
            0.5051312959985808,
            0.5064821220003068,
            0.5120368149982824,
            0.5081490790034877,
            0.992419844998949,
            0.9946821949997684,
            1.0196047719982744,
            0.9937562699997216,
            1.028600159999769,
            0.9961502309997741,
            0.9890534109981672,
            1.0006373500000336,
            0.9943715230001544,
            0.9873153429980448,
            2.029362579996814,
            2.029656671002158,
            2.034496661999583,
            2.037890816998697,
            2.027218292001635,
            2.029910043002019,
            2.0276296339980036,
            2.0341866409980867,
            2.0325774239972816,
            2.0265373490001366,
            5.130806516997836,
            4.6668974200001685,
            4.683011968001665,
            4.688246609999624,
            4.737778733000596,
            4.922947397000826,
            4.731979317999503,
            4.800242689998413,
            4.695468031000928,
            4.681676432999666,
            9.585601856997528,
            9.575280384000507,
            9.856662878999487,
            9.874525237002672,
            9.492988750000222,
            9.425535662001494,
            9.342416794999735,
            9.304964094000752,
            9.373069545999897,
            9.436452558999008
        ]
    },
    "sizes": [
        1000
    ]
}