{
    "x": [
        1000,
        1000,
        1000,
        1000,
        1000,
        1000,
        1000,
        1000,
        1000,
        1000,
        2000,
        2000,
        2000,
        2000,
        2000,
        2000,
        2000,
        2000,
        2000,
        2000,
        5000,
        5000,
        5000,
        5000,
        5000,
        5000,
        5000,
        5000,
        5000,
        5000,
        10000,
        10000,
        10000,
        10000,
        10000,
        10000,
        10000,
        10000,
        10000,
        10000,
        20000,
        20000,
        20000,
        20000,
        20000,
        20000,
        20000,
        20000,
        20000,
        20000,
        50000,
        50000,
        50000,
        50000,
        50000,
        50000,
        50000,
        50000,
        50000,
        50000,
        100000,
        100000,
        100000,
        100000,
        100000,
        100000,
        100000,
        100000,
        100000,
        100000
    ],
    "ys": {
        "1000": [
            0.11272900299809407,
            0.10679548899861402,
            0.10701748700012104,
            0.10687175899875001,
            0.10702433700134861,
            0.10603962000095635,
            0.10583159099769546,
            0.10596319100295659,
            0.10560434099897975,
            0.10648286899959203,
            0.2120247399980144,
            0.21239734000118915,
            0.21327894699788885,
            0.21335907699904055,
            0.21604084099817555,
            0.22467613999833702,
            0.22180940600082977,
            0.23466556499988656,
            0.23022351599865942,
            0.22042001899899333,
            0.5174477430009574,
            0.5119786549985292,
            0.5114647570007946,
            0.5118984059990908,
            0.51261147400146,
            0.5118414550015586,
            0.5123314650008979,
            0.5132159120003053,
            0.5131269930025155,
            0.5107943889997841,
            1.0006157390016597,
            1.0015060459991219,
            1.0008859469999152,
            1.0023602740002389,
            1.0000577190003241,
            1.0035630610000226,
            1.0015084059996298,
            0.9987064130000363,
            1.0017397449992131,
            1.0015570260002278,
            1.984555796996574,
            1.9894512760001817,
            1.9975191350022214,
            1.9918664589968103,
            1.9900057039994863,
            1.9905578329999116,
            2.0904351270000916,
            2.047509022999293,
            1.9971498869999778,
            2.002959302000818,
            5.054577465001785,
            4.683155974998954,
            4.774907260001783,
            4.595465480000712,
            4.617045777002204,
            4.625615314998868,
            4.628827847998764,
            4.633755795999605,
            4.74862631400174,
            4.643815911000274,
            9.173459331999766,
            9.326519176996953,
            9.305614698998397,
            9.34442836299786,
            9.566965358000743,
            9.380284874998324,
            9.144315003999509,
            9.180924224001501,
            9.142633867999393,
            9.380220394999924
        ]
    },
    "sizes": [
        1000
    ]
}