{
    "x": [
        1000,
        1000,
        1000,
        1000,
        1000,
        1000,
        1000,
        1000,
        1000,
        1000,
        2000,
        2000,
        2000,
        2000,
        2000,
        2000,
        2000,
        2000,
        2000,
        2000,
        5000,
        5000,
        5000,
        5000,
        5000,
        5000,
        5000,
        5000,
        5000,
        5000,
        10000,
        10000,
        10000,
        10000,
        10000,
        10000,
        10000,
        10000,
        10000,
        10000,
        20000,
        20000,
        20000,
        20000,
        20000,
        20000,
        20000,
        20000,
        20000,
        20000,
        50000,
        50000,
        50000,
        50000,
        50000,
        50000,
        50000,
        50000,
        50000,
        50000,
        100000,
        100000,
        100000,
        100000,
        100000,
        100000,
        100000,
        100000,
        100000,
        100000
    ],
    "ys": {
        "1000": [
            4.061032214998704,
            3.654150729998946,
            3.448491309000019,
            3.4252419139993435,
            3.4137762040008965,
            3.428105200999198,
            3.4105497559994546,
            3.614988325998638,
            3.705561378999846,
            3.5946111420016678,
            12.425128462999055,
            7.184265558000334,
            7.55541328199979,
            7.607534101998681,
            7.399750104999839,
            7.1226840850013105,
            7.147824250001577,
            7.131533869000123,
            8.293589639999482,
            7.212159480000992,
            19.435207328000615,
            18.166487029000564,
            18.477622939999492,
            17.22639560599964,
            18.258513476999724,
            18.005487444999744,
            18.07274413900086,
            17.51878593100082,
            18.477577425001073,
            18.342692789001376,
            36.07663142999991,
            40.587627454999165,
            35.68043616000068,
            36.88107617899914,
            36.435965824999585,
            36.045023978000245,
            36.083390008001516,
            35.80343934600023,
            36.39550523899925,
            40.56457816299917,
            72.29633334900063,
            72.81281020200004,
            72.36361195100108,
            72.3930714119997,
            78.07868800300093,
            72.88092310700085,
            71.77070449699931,
            72.89396976900025,
            76.70797157500056,
            73.50497139100116,
            184.73567136999918,
            179.9663962049999,
            186.33565132799959,
            178.05165911099903,
            188.0843768699997,
            184.91103713399934,
            182.43404106999878,
            186.80667137199998,
            176.15141282199875,
            180.50813687200025,
            359.51138513799924,
            362.5999269389995,
            380.9448949689995,
            384.35906451200026,
            397.15913120000005,
            364.31387650599936,
            361.25837026499903,
            374.9679108140008,
            384.42569864100005,
            417.6393556620005
        ]
    },
    "sizes": [
        1000
    ]
}