{
    "x": [
        1000,
        1000,
        1000,
        1000,
        1000,
        1000,
        1000,
        1000,
        1000,
        1000,
        2000,
        2000,
        2000,
        2000,
        2000,
        2000,
        2000,
        2000,
        2000,
        2000,
        5000,
        5000,
        5000,
        5000,
        5000,
        5000,
        5000,
        5000,
        5000,
        5000,
        10000,
        10000,
        10000,
        10000,
        10000,
        10000,
        10000,
        10000,
        10000,
        10000,
        20000,
        20000,
        20000,
        20000,
        20000,
        20000,
        20000,
        20000,
        20000,
        20000,
        50000,
        50000,
        50000,
        50000,
        50000,
        50000,
        50000,
        50000,
        50000,
        50000,
        100000,
        100000,
        100000,
        100000,
        100000,
        100000,
        100000,
        100000,
        100000,
        100000
    ],
    "ys": {
        "1000": [
            0.11892658599936112,
            0.11064896800053248,
            0.11048684799970943,
            0.11023980600111827,
            0.11114322999856086,
            0.11140462199909962,
            0.11099158999968495,
            0.11133055100071942,
            0.11182829300014419,
            0.11253471700001683,
            0.22206921899851295,
            0.22285770400048932,
            0.22186715899988485,
            0.2222950809991744,
            0.22531522399913229,
            0.2222178210013226,
            0.22283171299932292,
            0.22330887499992969,
            0.22212839999883727,
            0.22099225599959027,
            0.5282724680000683,
            0.5317719849990681,
            0.5570509079989279,
            0.5467141709996213,
            0.5555997920000664,
            0.5580462630005059,
            0.5327407579989085,
            0.532501827001397,
            0.5308866809991741,
            0.5465149999999994,
            1.3567918289991212,
            1.0863889310003287,
            1.0904205690003437,
            1.0881254579999222,
            1.0717837049996888,
            1.0670932539997011,
            1.0870305350017588,
            1.0705557900000713,
            1.0476249669991375,
            1.0853946870010986,
            2.1836397719998786,
            2.074831511999946,
            2.0805387970012816,
            2.1963564189991303,
            2.1891154660006578,
            2.161318762000519,
            2.1402427459997853,
            2.176719140001296,
            2.1268407459992886,
            2.1301424609991955,
            5.339458680000462,
            4.918487955001183,
            4.919495759999336,
            4.898652685000343,
            4.912584869000057,
            4.935040759999538,
            4.844647551999515,
            5.062004161000004,
            5.016777287999503,
            5.004653353000322,
            9.979869193999548,
            9.87412381699869,
            9.733463073998792,
            9.958629818998816,
            9.82566887899884,
            9.794120377999207,
            9.65989109200018,
            9.737557972999639,
            9.867449626999587,
            9.836015056000178
        ]
    },
    "sizes": [
        1000
    ]
}