{
    "x": [
        1000,
        1000,
        1000,
        1000,
        1000,
        1000,
        1000,
        1000,
        1000,
        1000,
        2000,
        2000,
        2000,
        2000,
        2000,
        2000,
        2000,
        2000,
        2000,
        2000,
        5000,
        5000,
        5000,
        5000,
        5000,
        5000,
        5000,
        5000,
        5000,
        5000,
        10000,
        10000,
        10000,
        10000,
        10000,
        10000,
        10000,
        10000,
        10000,
        10000,
        20000,
        20000,
        20000,
        20000,
        20000,
        20000,
        20000,
        20000,
        20000,
        20000,
        50000,
        50000,
        50000,
        50000,
        50000,
        50000,
        50000,
        50000,
        50000,
        50000,
        100000,
        100000,
        100000,
        100000,
        100000,
        100000,
        100000,
        100000,
        100000,
        100000
    ],
    "ys": {
        "1000": [
            3.9618302609999887,
            3.998337362999962,
            4.085906010000031,
            3.9057187629999817,
            4.452176726999937,
            5.660014523999962,
            5.022889466999914,
            3.4148522939999566,
            3.4577471009999954,
            3.570452742999919,
            7.164035369999965,
            7.187700500999995,
            7.4355974950000245,
            7.698357675000011,
            7.299608582000019,
            7.650175056999956,
            7.788456844000052,
            7.506378660999985,
            7.309813479000013,
            6.8254777569999305,
            17.87274891200002,
            18.25097842499997,
            17.680848919000027,
            22.84636523200004,
            16.92930809300003,
            17.464717462999943,
            18.053595474999952,
            18.079236541,
            17.935458454000013,
            18.715424474000088,
            36.93716971900005,
            35.985440313000026,
            35.93560297199997,
            36.569384902000024,
            37.56893519099992,
            41.25366926200013,
            36.853714267000214,
            36.935831876000066,
            35.959901747,
            37.355892825999945,
            73.05591530900006,
            77.39518025999996,
            70.39094887800002,
            71.18501251700013,
            71.65556975499999,
            76.95846992999986,
            71.54019604599989,
            68.90425191300005,
            70.89292060899993,
            71.01824501100009,
            183.5478965509999,
            180.23957162100032,
            179.869000013,
            186.771822832,
            180.98323147600013,
            182.142928277,
            184.3133316039998,
            174.36200024699974,
            181.23206586700007,
            173.25466043400002,
            360.1760938749999,
            354.90738999799987,
            354.5333149419994,
            354.7245570220002,
            353.6253513769998,
            356.4709407189994,
            358.31310356999984,
            361.9536767089994,
            364.48304075800024,
            359.3829670770001
        ]
    },
    "sizes": [
        1000
    ]
}