{
    "x": [
        10,
        10,
        10,
        10,
        10,
        10,
        10,
        10,
        10,
        10,
        20,
        20,
        20,
        20,
        20,
        20,
        20,
        20,
        20,
        20,
        50,
        50,
        50,
        50,
        50,
        50,
        50,
        50,
        50,
        50,
        100,
        100,
        100,
        100,
        100,
        100,
        100,
        100,
        100,
        100,
        200,
        200,
        200,
        200,
        200,
        200,
        200,
        200,
        200,
        200,
        500,
        500,
        500,
        500,
        500,
        500,
        500,
        500,
        500,
        500,
        1000,
        1000,
        1000,
        1000,
        1000,
        1000,
        1000,
        1000,
        1000,
        1000,
        2000,
        2000,
        2000,
        2000,
        2000,
        2000,
        2000,
        2000,
        2000,
        2000,
        5000,
        5000,
        5000,
        5000,
        5000,
        5000,
        5000,
        5000,
        5000,
        5000,
        10000,
        10000,
        10000,
        10000,
        10000,
        10000,
        10000,
        10000,
        10000,
        10000,
        20000,
        20000,
        20000,
        20000,
        20000,
        20000,
        20000,
        20000,
        20000,
        20000,
        50000,
        50000,
        50000,
        50000,
        50000,
        50000,
        50000,
        50000,
        50000,
        50000,
        100000,
        100000,
        100000,
        100000,
        100000,
        100000,
        100000,
        100000,
        100000,
        100000
    ],
    "ys": {
        "1000": [
            0.009051059001649264,
            0.005713195001590066,
            0.005981805999908829,
            0.007264141000632662,
            0.005725765000534011,
            0.005658343998220516,
            0.005012060999433743,
            0.005742414999986067,
            0.005326623002474662,
            0.004568478998407954,
            0.007326360999286408,
            0.007215910998638719,
            0.0072960510005941615,
            0.007260490998305613,
            0.007087990998115856,
            0.007082130003254861,
            0.007156400999519974,
            0.007762402998196194,
            0.007173821002652403,
            0.007241830997372745,
            0.014129890998447081,
            0.01523519500187831,
            0.014412931999686407,
            0.01590521799880662,
            0.014595142998587107,
            0.014442542000324465,
            0.014282231000834145,
            0.014748393001354998,
            0.01493124399712542,
            0.014032669998414349,
            0.02603200199882849,
            0.02642429299885407,
            0.026937375998386415,
            0.026547043002210557,
            0.02660795400151983,
            0.026946455996949226,
            0.026749685002869228,
            0.0270411259989487,
            0.02681551500063506,
            0.026512242999160662,
            0.050575146997289266,
            0.05025672600095277,
            0.04986274300244986,
            0.050608407000254374,
            0.05104350900001009,
            0.05313281800044933,
            0.051073198999802116,
            0.05125136000060593,
            0.050464185998862376,
            0.05065178700169781,
            0.12281543700009934,
            0.1347507680002309,
            0.13440566599820158,
            0.1407286430003296,
            0.12419366299945978,
            0.1249046350021672,
            0.1273779769981047,
            0.12797304799823905,
            0.12619636100134812,
            0.13855483400038793,
            0.23908030500024324,
            0.24364499500006787,
            0.2454408820012759,
            0.24962453999978607,
            0.24920609900073032,
            0.24701227900004596,
            0.2509590660010872,
            0.24621121600284823,
            0.24433558699820423,
            0.24826771399966674,
            0.4837302539999655,
            0.4883665140005178,
            0.484455016998254,
            0.49393812799826264,
            0.4932316049998917,
            0.48853282399795717,
            0.4685519490012666,
            0.4657758969988208,
            0.4651429640034621,
            0.469241802002216,
            1.176286883001012,
            1.179676288000337,
            1.1848917600000277,
            1.1868658490020607,
            1.1786062030005269,
            1.174712226002157,
            1.1909563160006655,
            1.1856500129979395,
            1.1809725729981437,
            1.1780529110001225,
            2.3961917829983577,
            2.3623755590015207,
            2.3474648339979467,
            2.343592138000531,
            2.42443513499893,
            2.356588634000218,
            2.4458951959968545,
            2.354188144003274,
            2.3970442169993476,
            2.3992644369973277,
            4.9654058089981845,
            4.883884858998499,
            4.723644911999145,
            4.661269615000492,
            4.691298313999141,
            4.619617756001389,
            4.7143056630011415,
            4.696169814000314,
            4.640343664999818,
            4.659346366999671,
            12.001370254001813,
            11.714834127000358,
            11.675474777999625,
            11.513206772000558,
            11.666227318000892,
            11.762136888002715,
            11.784083102997101,
            11.496871872001066,
            11.516141895001056,
            12.002681680998649,
            23.94144821699956,
            23.510689981001633,
            23.721083472002647,
            23.453125664000254,
            23.517886030997033,
            23.32955088399831,
            24.10215230599715,
            23.809335310997994,
            23.217349342998205,
            23.527475652001158
        ]
    },
    "sizes": [
        1000
    ]
}