{
    "x": [
        1000,
        1000,
        1000,
        1000,
        1000,
        1000,
        1000,
        1000,
        1000,
        1000,
        2000,
        2000,
        2000,
        2000,
        2000,
        2000,
        2000,
        2000,
        2000,
        2000,
        5000,
        5000,
        5000,
        5000,
        5000,
        5000,
        5000,
        5000,
        5000,
        5000,
        10000,
        10000,
        10000,
        10000,
        10000,
        10000,
        10000,
        10000,
        10000,
        10000,
        20000,
        20000,
        20000,
        20000,
        20000,
        20000,
        20000,
        20000,
        20000,
        20000,
        50000,
        50000,
        50000,
        50000,
        50000,
        50000,
        50000,
        50000,
        50000,
        50000,
        100000,
        100000,
        100000,
        100000,
        100000,
        100000,
        100000,
        100000,
        100000,
        100000
    ],
    "ys": {
        "1000": [
            3.493046662000779,
            3.4816258559985727,
            4.014837394001006,
            4.09179464799854,
            4.069119945001148,
            3.943303971000205,
            3.8905537560003722,
            3.4202322810015175,
            3.415507366999009,
            3.3944394739992276,
            6.810026991000996,
            8.030200404000425,
            7.9454769259991735,
            7.977969105999364,
            7.8510793749992445,
            8.043273352999677,
            7.951253021999946,
            8.185017418998541,
            8.060045119998904,
            6.684987593998812,
            18.098140125999635,
            20.03624971299905,
            19.797749073999512,
            19.56852071100002,
            17.426535615999455,
            19.28916031100016,
            19.73942866300058,
            23.774371931998758,
            17.61319223600003,
            20.01138791199992,
            38.62521372899937,
            38.170149855999625,
            38.66783624299933,
            38.28763538000021,
            36.669919787000254,
            38.88511820799977,
            42.69871118899937,
            39.38560449599936,
            37.63563249500112,
            39.64743737900062,
            73.19336353899962,
            75.59134539099978,
            82.72234765599933,
            76.41386034400057,
            76.60347808999904,
            77.49620678500105,
            80.8800075170002,
            76.38167872200029,
            76.06723932200111,
            75.76623043900145,
            198.05994735000058,
            193.50874877999922,
            190.22537591900073,
            195.26028297499943,
            193.49106378100078,
            192.1106565220016,
            193.2834334929994,
            196.59768625300057,
            191.88284518599903,
            195.46659116499904,
            384.8966623240012,
            389.1825348559996,
            481.7969440319994,
            395.26186580300055,
            392.263587088999,
            400.8845606039995,
            392.9123854970003,
            402.3255442949994,
            412.16465686099946,
            411.1514859100007
        ]
    },
    "sizes": [
        1000
    ]
}