{
    "x": [
        1000,
        1000,
        1000,
        1000,
        1000,
        1000,
        1000,
        1000,
        1000,
        1000,
        2000,
        2000,
        2000,
        2000,
        2000,
        2000,
        2000,
        2000,
        2000,
        2000,
        5000,
        5000,
        5000,
        5000,
        5000,
        5000,
        5000,
        5000,
        5000,
        5000,
        10000,
        10000,
        10000,
        10000,
        10000,
        10000,
        10000,
        10000,
        10000,
        10000,
        20000,
        20000,
        20000,
        20000,
        20000,
        20000,
        20000,
        20000,
        20000,
        20000,
        50000,
        50000,
        50000,
        50000,
        50000,
        50000,
        50000,
        50000,
        50000,
        50000,
        100000,
        100000,
        100000,
        100000,
        100000,
        100000,
        100000,
        100000,
        100000,
        100000
    ],
    "ys": {
        "1000": [
            4.321784164000064,
            4.313331490999985,
            4.243582145000005,
            4.152361380000002,
            4.137502901999937,
            4.0937311130001035,
            4.279022142000031,
            4.115195169000003,
            4.268668169999955,
            4.154810644000008,
            8.538586925000004,
            7.694111371999952,
            7.71754010799998,
            8.61745969399999,
            8.199537927999927,
            8.387059165999972,
            8.526349629000038,
            8.170083614999953,
            8.217547300999968,
            8.64545689900001,
            19.83101795799996,
            20.72714308000002,
            21.33678470999996,
            20.365689861000078,
            20.521882489000063,
            21.37450138700001,
            20.823114488999863,
            25.470708507999916,
            21.098976914000104,
            20.460640314999864,
            41.17237848599984,
            41.165643587999966,
            42.04114239699993,
            40.38929620900012,
            38.83843562099992,
            37.783447373999934,
            43.953299152,
            38.26488365499995,
            38.34477428499986,
            36.994677093000064,
            77.0752349500001,
            79.1504968910001,
            85.26763029699987,
            80.66815099700011,
            79.62194097400015,
            85.9099298220001,
            80.85867375199996,
            80.07159204400023,
            82.09389925599999,
            86.92811431499968,
            198.49275337400013,
            204.7706308060001,
            211.6591430479998,
            207.7805991299997,
            206.5583259920004,
            205.68928187300025,
            198.12683973000003,
            204.97205331399982,
            200.1295245020001,
            195.47856747999958,
            404.87108898099996,
            394.0705383730001,
            391.20378404300027,
            372.7963895459998,
            379.45544623300066,
            370.3005485089998,
            369.9778349389999,
            366.4373356120004,
            367.27076195300015,
            372.4588693980004
        ]
    },
    "sizes": [
        1000
    ]
}