{
    "x": [
        1000,
        1000,
        1000,
        1000,
        1000,
        1000,
        1000,
        1000,
        1000,
        1000,
        2000,
        2000,
        2000,
        2000,
        2000,
        2000,
        2000,
        2000,
        2000,
        2000,
        5000,
        5000,
        5000,
        5000,
        5000,
        5000,
        5000,
        5000,
        5000,
        5000,
        10000,
        10000,
        10000,
        10000,
        10000,
        10000,
        10000,
        10000,
        10000,
        10000,
        20000,
        20000,
        20000,
        20000,
        20000,
        20000,
        20000,
        20000,
        20000,
        20000,
        50000,
        50000,
        50000,
        50000,
        50000,
        50000,
        50000,
        50000,
        50000,
        50000,
        100000,
        100000,
        100000,
        100000,
        100000,
        100000,
        100000,
        100000,
        100000,
        100000
    ],
    "ys": {
        "1000": [
            0.2390810480064829,
            0.22821107200434199,
            0.22882653499982553,
            0.2331000329941162,
            0.2334264449964394,
            0.2283619930021814,
            0.2331852240022272,
            0.24091669599874876,
            0.24795360599819105,
            0.233162602999073,
            0.46397107699885964,
            0.4814159200032009,
            0.4753394660001504,
            0.46702994899533223,
            0.46532221300003584,
            0.4648054299977957,
            0.4664182670021546,
            0.47072971599845914,
            0.45820202300092205,
            0.4610074439988239,
            1.1503546919993823,
            1.2132524170010583,
            1.1687160989968106,
            1.1611762079992332,
            1.151275734999217,
            1.1490539759979583,
            1.1691524820053019,
            1.1840151630021865,
            1.1734689000004437,
            1.1977250109994202,
            2.3822255180057255,
            2.2836443210035213,
            2.266290138999466,
            2.3315891239981283,
            2.3310026210019714,
            2.3161321389998193,
            2.3339916939949035,
            2.3157698869981687,
            2.329265625005064,
            2.3256525390024763,
            4.644789161000517,
            4.899615934999019,
            4.734269068001595,
            4.68275932999677,
            4.640164570999332,
            4.722044125999673,
            4.600480923996656,
            4.713346679003735,
            4.709496363000653,
            4.661202889998094,
            11.710211140001775,
            11.537643253002898,
            11.702315167000052,
            11.83100778899825,
            11.565138959005708,
            11.693613948998973,
            11.692641216999618,
            11.686490520005464,
            11.72925340999791,
            11.70180339399667,
            23.61325402300281,
            23.567557360998762,
            23.448479598999256,
            23.840584731995477,
            23.41914797500067,
            23.666652218998934,
            23.193726374003745,
            23.36673535400041,
            23.618123973996262,
            23.557586688999436
        ]
    },
    "sizes": [
        1000
    ]
}