{
    "x": [
        1000,
        1000,
        1000,
        1000,
        1000,
        1000,
        1000,
        1000,
        1000,
        1000,
        2000,
        2000,
        2000,
        2000,
        2000,
        2000,
        2000,
        2000,
        2000,
        2000,
        5000,
        5000,
        5000,
        5000,
        5000,
        5000,
        5000,
        5000,
        5000,
        5000,
        10000,
        10000,
        10000,
        10000,
        10000,
        10000,
        10000,
        10000,
        10000,
        10000,
        20000,
        20000,
        20000,
        20000,
        20000,
        20000,
        20000,
        20000,
        20000,
        20000,
        50000,
        50000,
        50000,
        50000,
        50000,
        50000,
        50000,
        50000,
        50000,
        50000,
        100000,
        100000,
        100000,
        100000,
        100000,
        100000,
        100000,
        100000,
        100000,
        100000
    ],
    "ys": {
        "1000": [
            0.2644209480004065,
            0.2583213850011816,
            0.25998197000080836,
            0.2641613599989796,
            0.2638512079993234,
            0.26266132300042955,
            0.2632088949994795,
            0.26358517599874176,
            0.2629160739998042,
            0.26138963700032036,
            0.5215788389996305,
            0.5229031439994287,
            0.528640140000789,
            0.5221527009998681,
            0.5280972880009358,
            0.5207780050004658,
            0.5258971570001449,
            0.532729198999732,
            0.5362825749998592,
            0.5390363370006526,
            1.3512879039990366,
            1.3605500459998439,
            1.3515976749986294,
            1.346880674998829,
            1.3233344279997254,
            1.3159870649997174,
            1.3068924740000512,
            1.3236228399982792,
            1.3250827859992569,
            1.3244071230001282,
            2.6540597189996333,
            2.6772596150003665,
            2.6934456280014274,
            2.636964712999543,
            2.6386114999986603,
            2.637425605000317,
            2.636603290999119,
            2.623186061000524,
            2.632889664000686,
            2.6217738739997003,
            5.3736193039985665,
            5.238416334999783,
            5.250837571999,
            5.42437737200089,
            5.357741623000038,
            5.305986080000366,
            5.226881413000228,
            5.310231539000597,
            5.3588659379984165,
            5.319099038999411,
            13.249557054999968,
            13.165621516998726,
            13.309534874999372,
            13.142935755000508,
            13.216336384999522,
            13.365215155999977,
            13.356200775000616,
            13.120703475000482,
            13.084283250000226,
            13.093548122998982,
            26.454167400999722,
            26.32682205399942,
            26.61190681699918,
            26.544848006000393,
            26.66462848499941,
            26.718529456999022,
            26.31985608300056,
            26.276710568001363,
            26.378607998000007,
            26.275517353000396
        ]
    },
    "sizes": [
        1000
    ]
}